INSERT INTO conference
VALUES
  ('Eastern', 'Celtics');
INSERT INTO conference
VALUES
  ('Western', 'Warriors');


INSERT INTO team
VALUES
  ('Celtics', 'Boston', 'Eastern', 'Atlantic', 17);
INSERT INTO team
VALUES
  ('Nets', 'Brooklyn', 'Eastern', 'Atlantic', 0);
INSERT INTO team
VALUES
  ('Knicks', 'New York', 'Eastern', 'Atlantic', 2);
INSERT INTO team
VALUES
  ('76ers', 'Philadelphia', 'Eastern', 'Atlantic', 3);
INSERT INTO team
VALUES
  ('Raptors', 'Toronto', 'Eastern', 'Atlantic', 1);
INSERT INTO team
VALUES
  ('Bulls', 'Chicago', 'Eastern', 'Central', 6);
INSERT INTO team
VALUES
  ('Cavaliers', 'Cleveland', 'Eastern', 'Central', 1);
INSERT INTO team
VALUES
  ('Pistons', 'Detroit', 'Eastern', 'Central', 3);
INSERT INTO team
VALUES
  ('Pacers', 'Indiana', 'Eastern', 'Central', 0);
INSERT INTO team
VALUES
  ('Bucks', 'Milwaukee', 'Eastern', 'Central', 2);
INSERT INTO team
VALUES
  ('Hawks', 'Atlanta', 'Eastern', 'Southeast', 1);
INSERT INTO team
VALUES
  ('Hornets', 'Charlotte', 'Eastern', 'Southeast', 0);
INSERT INTO team
VALUES
  ('Heat', 'Miami', 'Eastern', 'Southeast', 3);
INSERT INTO team
VALUES
  ('Magic', 'Orlando', 'Eastern', 'Southeast', 0);
INSERT INTO team
VALUES
  ('Wizards', 'Washington', 'Eastern', 'Southeast', 1);
INSERT INTO team
VALUES
  ('Nuggets', 'Denver', 'Western', 'Northwest', 0);
INSERT INTO team
VALUES
  ('Timberwolves', 'Minnesota', 'Western', 'Northwest', 0);
INSERT INTO team
VALUES
  ('Thunder', 'Oklahoma City', 'Western', 'Northwest', 1);
INSERT INTO team
VALUES
  ('Trail Blazers', 'Portland', 'Western', 'Northwest', 1);
INSERT INTO team
VALUES
  ('Jazz', 'Utah', 'Western', 'Northwest', 0);
INSERT INTO team
VALUES
  ('Warriors', 'Golden State', 'Western', 'Pacific', 7);
INSERT INTO team
VALUES
  ('Clippers', 'Los Angeles', 'Western', 'Pacific', 0);
INSERT INTO team
VALUES
  ('Lakers', 'Los Angeles', 'Western', 'Pacific', 17);
INSERT INTO team
VALUES
  ('Suns', 'Phoenix', 'Western', 'Pacific', 0);
INSERT INTO team
VALUES
  ('Kings', 'Sacramento', 'Western', 'Pacific', 1);
INSERT INTO team
VALUES
  ('Mavericks', 'Dallas', 'Western', 'Southwest', 1);
INSERT INTO team
VALUES
  ('Rockets', 'Houston', 'Western', 'Southwest', 2);
INSERT INTO team
VALUES
  ('Grizzlies', 'Memphis', 'Western', 'Southwest', 0);
INSERT INTO team
VALUES
  ('Pelicans', 'New Orleans', 'Western', 'Southwest', 0);
INSERT INTO team
VALUES
  ('Spurs', 'San Antonio', 'Western', 'Southwest', 5);


INSERT INTO player
VALUES
  ('Kevin Durant', 34, 7, 82, 'SF', 'Nets', 30.0, 5.4, 6.6);
INSERT INTO player
VALUES
  ('LeBron James', 37, 6, 81, 'SF', 'Lakers', 25.4, 6.2, 8.8);
INSERT INTO player
VALUES
  ('Joel Embiid', 28, 21, 84, 'C', '76ers', 32.1, 4.8, 9.9);
INSERT INTO player
VALUES
  ('Giannis Antetokounmpo', 27, 34, 84, 'PF', 'Bucks', 30.9, 5.4, 11.4);
INSERT INTO player
VALUES
  ('Ja Morant', 23, 12, 74, 'PG', 'Grizzlies', 28.5, 7.6, 6.4);
INSERT INTO player
VALUES
  ('Stephen Curry', 34, 30, 74, 'PG', 'Warriors', 31.4, 7.0, 6.7);
INSERT INTO player
VALUES
  ('Jayson Tatum', 24, 0, 80, 'SF', 'Celtics', 30.8, 4.6, 7.7);
INSERT INTO player
VALUES
  ('DeMar DeRozan', 33, 11, 78, 'SG', 'Bulls', 26.2, 4.6, 4.2);
INSERT INTO player
VALUES
  ('Andrew Wiggins', 27, 22, 79, 'SF', 'Warriors', 18.6, 2.3, 5.3);
INSERT INTO player
VALUES
  ('Trae Young', 24, 11, 73, 'PG', 'Hawks', 27.7, 9.4, 3.0);
INSERT INTO player
VALUES
  ('Nikola Jokic', 27, 15, 83, 'C', 'Nuggets', 23.0, 8.8, 9.8);
INSERT INTO player
VALUES
  ('LaMelo Ball', 21, 1, 79, 'PG', 'Hornets', 19.3, 7.0, 3.7);
INSERT INTO player
VALUES
  ('Jarrett Allen', 24, 31, 81, 'C', 'Cavaliers', 13.5, 1.3, 10.8);
INSERT INTO player
VALUES
  ('Devin Booker', 26, 1, 77, 'SG', 'Suns', 27.9, 5.8, 5.4);
INSERT INTO player
VALUES
  ('Jimmy Butler', 33, 22, 79, 'SF', 'Heat', 20.9, 6.1, 6.6);
INSERT INTO player
VALUES
  ('Rudy Gobert', 30, 27, 85, 'C', 'Timberwolves', 13.8, 0.9, 12.4);
INSERT INTO player
VALUES
  ('Luka Doncic', 23, 77, 79, 'PG', 'Mavericks', 33.5, 8.6, 8.8);
INSERT INTO player
VALUES
  ('Zach LaVine', 27, 8, 77, 'SG', 'Bulls', 20.9, 4.3, 4.3);
INSERT INTO player
VALUES
  ('Darius Garland', 22, 10, 73, 'PG', 'Cavaliers', 22.9, 8.1, 2.3);
INSERT INTO player
VALUES
  ('Khris Middleton', 31, 22, 79, 'SF', 'Bucks', 0.0, 0.0, 0.0);
INSERT INTO player
VALUES
  ('James Harden', 33, 1, 77, 'SG', '76ers', 22.0, 10.0, 7.0);
INSERT INTO player
VALUES
  ('Dejounte Murray', 26, 5, 77, 'PG', 'Hawks', 20.6, 6.6, 5.9);
INSERT INTO player
VALUES
  ('Donovan Mitchell', 26, 45, 73, 'SG', 'Cavaliers', 28.9, 5.0, 4.0);
INSERT INTO player
VALUES
  ('Karl-Anthony Towns', 27, 32, 84, 'C', 'Timberwolves', 20.8, 5.3, 8.2);
INSERT INTO player
VALUES
  ('Chris Paul', 37, 3, 72, 'PG', 'Suns', 9.5, 9.4, 4.5);
INSERT INTO player
VALUES
  ('Draymond Green', 32, 23, 78, 'PF', 'Warriors', 9.0, 7.1, 6.1);
INSERT INTO player
VALUES
  ('Fred VanVleet', 28, 23, 72, 'PG', 'Raptors', 18.6, 6.6, 3.4);


INSERT INTO coach
VALUES
  ('Joe Mazzulla', 34, 2022, 'Celtics');
INSERT INTO coach
VALUES
  ('Jacque Vaughn', 47, 2022, 'Nets');
INSERT INTO coach
VALUES
  ('Tom Thibodeau', 64, 2020, 'Knicks');
INSERT INTO coach
VALUES
  ('Doc Rivers', 61, 2020, '76ers');
INSERT INTO coach
VALUES
  ('Nick Nurse', 55, 2018, 'Raptors');
INSERT INTO coach
VALUES
  ('Billy Donovan', 57, 2020, 'Bulls');
INSERT INTO coach
VALUES
  ('J.B. Bickerstaff', 43, 2020, 'Cavaliers');
INSERT INTO coach
VALUES
  ('Dwane Casey', 65, 2018, 'Pistons');
INSERT INTO coach
VALUES
  ('Rick Carlisle', 63, 2021, 'Pacers');
INSERT INTO coach
VALUES
  ('Mike Budenholzer', 53, 2018, 'Bucks');
INSERT INTO coach
VALUES
  ('Nate McMillan', 58, 2021, 'Hawks');
INSERT INTO coach
VALUES
  ('Steve Clifford', 61, 2022, 'Hornets');
INSERT INTO coach
VALUES
  ('Erik Spoelstra', 52, 2008, 'Heat');
INSERT INTO coach
VALUES
  ('Jamahl Mosley', 44, 2021, 'Magic');
INSERT INTO coach
VALUES
  ('Wes Unseld Jr.', 47, 2021, 'Wizards');
INSERT INTO coach
VALUES
  ('Michael Malone', 51, 2015, 'Nuggets');
INSERT INTO coach
VALUES
  ('Chris Finch', 53, 2021, 'Timberwolves');
INSERT INTO coach
VALUES
  ('Mark Daigneault', 37, 2020, 'Thunder');
INSERT INTO coach
VALUES
  ('Chauncey Billups', 46, 2021, 'Trail Blazers');
INSERT INTO coach
VALUES
  ('Will Hardy', 34, 2022, 'Jazz');
INSERT INTO coach
VALUES
  ('Steve Kerr', 57, 2014, 'Warriors');
INSERT INTO coach
VALUES
  ('Tyronn Lue', 45, 2020, 'Clippers');
INSERT INTO coach
VALUES
  ('Darvin Ham', 49, 2022, 'Lakers');
INSERT INTO coach
VALUES
  ('Monty Williams', 51, 2019, 'Suns');
INSERT INTO coach
VALUES
  ('Mike Brown', 52, 2022, 'Kings');
INSERT INTO coach
VALUES
  ('Jason Kidd', 49, 2021, 'Mavericks');
INSERT INTO coach
VALUES
  ('Stephen Silas', 49, 2020, 'Rockets');
INSERT INTO coach
VALUES
  ('Taylor Jenkins', 38, 2019, 'Grizzlies');
INSERT INTO coach
VALUES
  ('Willie Green', 41, 2021, 'Pelicans');
INSERT INTO coach
VALUES
  ('Gregg Popovich', 73, 1996, 'Spurs');


INSERT INTO arena
VALUES
  ('American Airlines Center', 'Mavericks', 'Dallas', 19200, 2001);
INSERT INTO arena
VALUES
  ('Amway Center', 'Magic', 'Orlando', 18846, 2010);
INSERT INTO arena
VALUES
  ('AT&T Center', 'Spurs', 'San Antonio', 18418, 2002);
INSERT INTO arena
VALUES
  ('Ball Arena', 'Nuggets', 'Denver', 19520, 1999);
INSERT INTO arena
VALUES
  ('Barclays Center', 'Nets', 'Brooklyn', 17732, 2012);
INSERT INTO arena
VALUES
  ('Capital One Arena', 'Wizards', 'Washington D.C.', 20356, 1997);
INSERT INTO arena
VALUES
  ('Chase Center', 'Warriors', 'San Francisco', 18064, 2019);
INSERT INTO arena
VALUES
  ('Crypto.com Arena', 'Clippers', 'Los Angeles', 19068, 1999);
INSERT INTO arena
VALUES
  ('Crypto.com Arena', 'Lakers', 'Los Angeles', 19068, 1999);
INSERT INTO arena
VALUES
  ('FedEx Forum', 'Grizzlies', 'Memphis', 17794, 2004);
INSERT INTO arena
VALUES
  ('Fiserv Forum', 'Bucks', 'Milwaukee', 17500, 2018);
INSERT INTO arena
VALUES
  ('Footprint Center', 'Suns', 'Phoenix', 17071, 1992);
INSERT INTO arena
VALUES
  ('FTX Arena', 'Heat', 'Miami', 19600, 1999);
INSERT INTO arena
VALUES
  ('Gainbridge Fieldhouse', 'Pacers', 'Indianapolis', 17923, 1999);
INSERT INTO arena
VALUES
  ('Golden 1 Center', 'Kings', 'Sacramento', 17583, 2016);
INSERT INTO arena
VALUES
  ('Little Caesars Arena', 'Pistons', 'Detroit', 20332, 2017);
INSERT INTO arena
VALUES
  ('Madison Square Garden', 'Knicks', 'New York City', 19812, 1968);
INSERT INTO arena
VALUES
  ('Moda Center', 'Trail Blazers', 'Portland', 19441, 1995);
INSERT INTO arena
VALUES
  ('Paycom Center', 'Thunder', 'Oklahoma City', 18203, 2002);
INSERT INTO arena
VALUES
  ('Rocket Mortgage Fieldhouse', 'Cavaliers', 'Cleveland', 19432, 1994);
INSERT INTO arena
VALUES
  ('Scotiabank Arena', 'Raptors', 'Toronto', 19800, 1999);
INSERT INTO arena
VALUES
  ('Smoothie King Center', 'Pelicans', 'New Orleans', 16867, 1999);
INSERT INTO arena
VALUES
  ('Spectrum Center', 'Hornets', 'Charlotte', 19077, 2005);
INSERT INTO arena
VALUES
  ('State Farm Arena', 'Hawks', 'Atlanta', 18118, 1999);
INSERT INTO arena
VALUES
  ('Target Center', 'Timberwolves', 'Minneapolis', 18978, 1990);
INSERT INTO arena
VALUES
  ('TD Garden', 'Celtics', 'Boston', 19156, 1995);
INSERT INTO arena
VALUES
  ('Toyota Center', 'Rockets', 'Houston', 18055, 2003);
INSERT INTO arena
VALUES
  ('United Center', 'Bulls', 'Chicago', 20917, 1994);
INSERT INTO arena
VALUES
  ('Vivint Arena', 'Jazz', 'Salt Lake City', 18306, 1991);
INSERT INTO arena
VALUES
  ('Wells Fargo Center', '76ers', 'Philadelphia', 20478, 1996);


INSERT INTO owners
VALUES
  ('Tony Ressler etc.', 'Hawks', 63, 7);
INSERT INTO owners
VALUES
  ('Wyc Grousbeck etc.', 'Celtics', 61, 20);
INSERT INTO owners
VALUES
  ('Joseph Tsai', 'Nets', 58, 3);
INSERT INTO owners
VALUES
  ('Michael Jordan', 'Hornets', 59, 12);
INSERT INTO owners
VALUES
  ('Jerry Reinsdorf', 'Bulls', 86, 37);
INSERT INTO owners
VALUES
  ('Dan Gilbert', 'Cavaliers', 60, 17);
INSERT INTO owners
VALUES
  ('Mark Cuban', 'Mavericks', 64, 22);
INSERT INTO owners
VALUES
  ('Ann Walton Kroenke', 'Nuggets', 73, 22);
INSERT INTO owners
VALUES
  ('Tom Gores', 'Pistons', 58, 11);
INSERT INTO owners
VALUES
  ('Joe Lacob etc.', 'Warriors', 66, 12);
INSERT INTO owners
VALUES
  ('Tilman Fertitta', 'Rockets', 65, 5);
INSERT INTO owners
VALUES
  ('Herbert Simon', 'Pacers', 84, 39);
INSERT INTO owners
VALUES
  ('Steve Ballmer', 'Clippers', 66, 8);
INSERT INTO owners
VALUES
  ('Jeanie Buss etc.', 'Lakers', 61, 43);
INSERT INTO owners
VALUES
  ('Robert J. Pera', 'Grizzlies', 44, 10);
INSERT INTO owners
VALUES
  ('Micky Arison etc.', 'Heat', 73, 27);
INSERT INTO owners
VALUES
  ('Marc Lasry etc.', 'Bucks', 63, 8);
INSERT INTO owners
VALUES
  ('Glen Taylor', 'Timberwolves', 81, 27);
INSERT INTO owners
VALUES
  ('Gayle Benson', 'Pelicans', 75, 10);
INSERT INTO owners
VALUES
  ('James Dolan', 'Knicks', 67, 25);
INSERT INTO owners
VALUES
  ('Clay Bennett', 'Thunder', 63, 2006);
INSERT INTO owners
VALUES
  ('Dan DeVos', 'Magic', 63, 31);
INSERT INTO owners
VALUES
  ('Joshua Harris etc.', '76ers', 57, 11);
INSERT INTO owners
VALUES
  ('Robert Sarver', 'Suns', 61, 18);
INSERT INTO owners
VALUES
  ('Jody Allen', 'Trail Blazers', 63, 34);
INSERT INTO owners
VALUES
  ('Vivek Ranadive etc.', 'Kings', 65, 9);
INSERT INTO owners
VALUES
  ('Peter Holt etc.', 'Spurs', 74, 29);
INSERT INTO owners
VALUES
  ('Larry Tanenbaum etc.', 'Raptors', 77, 24);
INSERT INTO owners
VALUES
  ('Ryan Smith etc.', 'Jazz', 44, 1);
INSERT INTO owners
VALUES
  ('Ted Leonsis', 'Wizards', 65, 12);